<?xml version="1.0" encoding="UTF-8"?>
<ksdk:examples xmlns:ksdk="http://nxp.com/ksdk/2.0/ksdk_manifest_v3.0.xsd" xmlns:xsi="http://www.w3.org/2001/XMLSchema-instance" xsi:schemaLocation="http://nxp.com/ksdk/2.0/ksdk_manifest_v3.0.xsd manifest.xsd">
  <externalDefinitions>
    <definition extID="middleware.issdk.drivers.gpio_kinetis.MK64F12"/>
    <definition extID="platform.drivers.port.MK64F12"/>
    <definition extID="platform.drivers.uart.MK64F12"/>
    <definition extID="platform.drivers.gpio.MK64F12"/>
    <definition extID="platform.drivers.i2c.MK64F12"/>
    <definition extID="platform.drivers.i2c_edma.MK64F12"/>
    <definition extID="platform.drivers.i2c_cmsis.MK64F12"/>
    <definition extID="platform.drivers.dmamux.MK64F12"/>
    <definition extID="platform.drivers.edma.MK64F12"/>
    <definition extID="platform.drivers.dspi.MK64F12"/>
    <definition extID="platform.drivers.dspi_edma.MK64F12"/>
    <definition extID="platform.drivers.dspi_cmsis.MK64F12"/>
    <definition extID="platform.drivers.smc.MK64F12"/>
    <definition extID="platform.drivers.pit.MK64F12"/>
    <definition extID="platform.drivers.uart_edma.MK64F12"/>
    <definition extID="platform.drivers.uart_cmsis.MK64F12"/>
    <definition extID="middleware.issdk.drivers.systick_utils.MK64F12"/>
    <definition extID="middleware.issdk.sensor.interface.common.MK64F12"/>
    <definition extID="middleware.issdk.sensor.mpl3115.MK64F12"/>
    <definition extID="platform.drivers.flash.MK64F12"/>
    <definition extID="platform.drivers.clock.MK64F12"/>
    <definition extID="utility.debug_console.MK64F12"/>
    <definition extID="component.uart_adapter.MK64F12"/>
    <definition extID="component.serial_manager.MK64F12"/>
    <definition extID="platform.drivers.common.MK64F12"/>
    <definition extID="component.lists.MK64F12"/>
    <definition extID="component.serial_manager_uart.MK64F12"/>
    <definition extID="device.MK64F12_CMSIS.MK64F12"/>
    <definition extID="device.MK64F12_startup.MK64F12"/>
    <definition extID="platform.utilities.assert.MK64F12"/>
    <definition extID="CMSIS_Include_core_cm.MK64F12"/>
    <definition extID="CMSIS_Driver_Include.I2C.MK64F12"/>
    <definition extID="CMSIS_Driver_Include.Common.MK64F12"/>
    <definition extID="CMSIS_Driver_Include.SPI.MK64F12"/>
    <definition extID="CMSIS_Driver_Include.USART.MK64F12"/>
    <definition extID="platform.utilities.misc_utilities.MK64F12"/>
    <definition extID="device.MK64F12_system.MK64F12"/>
    <definition extID="iar"/>
    <definition extID="mdk"/>
    <definition extID="armgcc"/>
    <definition extID="mcuxpresso"/>
    <definition extID="com.nxp.mcuxpresso"/>
  </externalDefinitions>
  <example id="frdmk64f_mult2b_mpl3115_oneshot_mult2b" name="mpl3115_oneshot_mult2b" dependency="middleware.issdk.drivers.gpio_kinetis.MK64F12 platform.drivers.port.MK64F12 platform.drivers.uart.MK64F12 platform.drivers.gpio.MK64F12 platform.drivers.i2c.MK64F12 platform.drivers.i2c_edma.MK64F12 platform.drivers.i2c_cmsis.MK64F12 platform.drivers.dmamux.MK64F12 platform.drivers.edma.MK64F12 platform.drivers.dspi.MK64F12 platform.drivers.dspi_edma.MK64F12 platform.drivers.dspi_cmsis.MK64F12 platform.drivers.smc.MK64F12 platform.drivers.pit.MK64F12 platform.drivers.uart_edma.MK64F12 platform.drivers.uart_cmsis.MK64F12 middleware.issdk.drivers.systick_utils.MK64F12 middleware.issdk.sensor.interface.common.MK64F12 middleware.issdk.sensor.mpl3115.MK64F12 platform.drivers.flash.MK64F12 platform.drivers.clock.MK64F12 utility.debug_console.MK64F12 component.uart_adapter.MK64F12 component.serial_manager.MK64F12 platform.drivers.common.MK64F12 component.lists.MK64F12 component.serial_manager_uart.MK64F12 device.MK64F12_CMSIS.MK64F12 device.MK64F12_startup.MK64F12 platform.utilities.assert.MK64F12 CMSIS_Include_core_cm.MK64F12 CMSIS_Driver_Include.I2C.MK64F12 CMSIS_Driver_Include.Common.MK64F12 CMSIS_Driver_Include.SPI.MK64F12 CMSIS_Driver_Include.USART.MK64F12 platform.utilities.misc_utilities.MK64F12 device.MK64F12_system.MK64F12" category="issdk/sensors">
    <projects>
      <project type="com.crt.advproject.projecttype.exe" nature="org.eclipse.cdt.core.cnature"/>
    </projects>
    <toolchainSettings>
      <toolchainSetting id_refs="com.nxp.mcuxpresso">
        <option id="gnu.c.compiler.option.preprocessor.def.symbols" type="stringList">
          <value>CPU_MK64FN1M0VLL12</value>
          <value>FRDM_K64F</value>
          <value>FREEDOM</value>
          <value>PRINTF_ADVANCED_ENABLE</value>
          <value>SERIAL_PORT_TYPE_UART=1</value>
          <value>MCUXPRESSO_SDK</value>
        </option>
        <option id="com.crt.advproject.gas.fpu" type="enum">
          <value>com.crt.advproject.gas.fpu.fpv4.hard</value>
        </option>
        <option id="com.crt.advproject.gcc.fpu" type="enum">
          <value>com.crt.advproject.gcc.fpu.fpv4.hard</value>
        </option>
        <option id="gnu.c.compiler.option.optimization.flags" type="string">
          <value>-fno-common</value>
        </option>
        <option id="com.crt.advproject.c.misc.dialect" type="enum">
          <value>com.crt.advproject.misc.dialect.gnu99</value>
        </option>
        <option id="gnu.c.compiler.option.misc.other" type="string">
          <value>-c -ffunction-sections -fdata-sections -ffreestanding -fno-builtin</value>
        </option>
        <option id="gnu.c.compiler.option.warnings.allwarn" type="boolean">
          <value>false</value>
        </option>
        <option id="com.crt.advproject.link.fpu" type="enum">
          <value>com.crt.advproject.link.fpu.fpv4.hard</value>
        </option>
        <option id="gnu.c.link.option.nostdlibs" type="boolean">
          <value>true</value>
        </option>
      </toolchainSetting>
    </toolchainSettings>
    <include_paths>
      <include_path path="boards/frdmk64f_mult2b" project_relative_path="board" type="c_include"/>
      <include_path path="boards/frdmk64f_mult2b/issdk_examples/sensors/mpl3115/mpl3115_oneshot" project_relative_path="board" type="c_include"/>
    </include_paths>
    <source path="boards/frdmk64f_mult2b/issdk_examples/sensors/mpl3115/mpl3115_oneshot/iar" project_relative_path="./" type="workspace" toolchain="iar">
      <files mask="mpl3115_oneshot_mult2b.ewd"/>
      <files mask="mpl3115_oneshot_mult2b.ewp"/>
      <files mask="mpl3115_oneshot_mult2b.eww"/>
    </source>
    <source path="boards/frdmk64f_mult2b/issdk_examples/sensors/mpl3115/mpl3115_oneshot/mdk" project_relative_path="./" type="workspace" toolchain="mdk">
      <files mask="mpl3115_oneshot_mult2b.uvprojx"/>
      <files mask="mpl3115_oneshot_mult2b.uvoptx"/>
      <files mask="pemicro_connection_settings.ini"/>
      <files mask="mpl3115_oneshot_mult2b.uvmpw"/>
    </source>
    <source path="boards/frdmk64f_mult2b/issdk_examples/sensors/mpl3115/mpl3115_oneshot/armgcc" project_relative_path="./" type="workspace" toolchain="armgcc">
      <files mask="build_all.bat"/>
      <files mask="build_all.sh"/>
      <files mask="clean.bat"/>
      <files mask="clean.sh"/>
      <files mask="CMakeLists.txt"/>
      <files mask="flags.cmake"/>
      <files mask="config.cmake"/>
      <files mask="build_debug.bat"/>
      <files mask="build_debug.sh"/>
      <files mask="build_release.bat"/>
      <files mask="build_release.sh"/>
    </source>
    <source path="boards/frdmk64f_mult2b" project_relative_path="board" type="src">
      <files mask="frdm_k64f.c"/>
    </source>
    <source path="boards/frdmk64f_mult2b" project_relative_path="board" type="c_include">
      <files mask="frdm_k64f.h"/>
      <files mask="frdm_fxs_mult2b_shield.h"/>
      <files mask="issdk_hal.h"/>
      <files mask="RTE_Device.h"/>
    </source>
    <source path="boards/frdmk64f_mult2b/issdk_examples/sensors/mpl3115/mpl3115_oneshot" project_relative_path="source" type="src">
      <files mask="mpl3115_oneshot.c"/>
    </source>
    <source path="boards/frdmk64f_mult2b/issdk_examples/sensors/mpl3115/mpl3115_oneshot" project_relative_path="board" type="src">
      <files mask="pin_mux.c"/>
    </source>
    <source path="boards/frdmk64f_mult2b/issdk_examples/sensors/mpl3115/mpl3115_oneshot" project_relative_path="board" type="c_include">
      <files mask="pin_mux.h"/>
    </source>
    <source path="boards/frdmk64f_mult2b/issdk_examples/sensors/mpl3115/mpl3115_oneshot" project_relative_path="doc" type="doc">
      <files mask="readme.txt"/>
    </source>
    <source path="boards/frdmk64f_mult2b/issdk_examples/sensors/mpl3115/mpl3115_oneshot" project_relative_path="board" type="src">
      <files mask="clock_config.c"/>
      <files mask="board.c"/>
    </source>
    <source path="boards/frdmk64f_mult2b/issdk_examples/sensors/mpl3115/mpl3115_oneshot" project_relative_path="board" type="c_include">
      <files mask="clock_config.h"/>
      <files mask="board.h"/>
    </source>
    <source path="boards/frdmk64f_mult2b/issdk_examples/sensors/mpl3115/mpl3115_oneshot" project_relative_path="doc" type="doc" toolchain="iar mdk mcuxpresso">
      <files mask="readme.txt"/>
    </source>
    <source path="boards/frdmk64f_mult2b/issdk_examples/sensors/mpl3115/mpl3115_oneshot/iar" project_relative_path="MK64F12/iar" type="linker" toolchain="iar">
      <files mask="MK64FN1M0xxx12_flash.icf"/>
    </source>
    <source path="boards/frdmk64f_mult2b/issdk_examples/sensors/mpl3115/mpl3115_oneshot/mdk" project_relative_path="MK64F12/arm" type="linker" toolchain="mdk">
      <files mask="MK64FN1M0xxx12_flash.scf"/>
    </source>
    <source path="boards/frdmk64f_mult2b/issdk_examples/sensors/mpl3115/mpl3115_oneshot/armgcc" project_relative_path="MK64F12/gcc" type="linker" toolchain="armgcc">
      <files mask="MK64FN1M0xxx12_flash.ld"/>
    </source>
  </example>
</ksdk:examples>
