<?xml version="1.0" encoding="UTF-8"?>
<ksdk:examples xmlns:ksdk="http://nxp.com/ksdk/2.0/ksdk_manifest_v3.0.xsd" xmlns:xsi="http://www.w3.org/2001/XMLSchema-instance" xsi:schemaLocation="http://nxp.com/ksdk/2.0/ksdk_manifest_v3.0.xsd manifest.xsd">
  <externalDefinitions>
    <definition extID="utility.debug_console_lite.MKV31F51212"/>
    <definition extID="platform.utilities.assert_lite.MKV31F51212"/>
    <definition extID="platform.drivers.port.MKV31F51212"/>
    <definition extID="platform.drivers.uart.MKV31F51212"/>
    <definition extID="platform.drivers.crc.MKV31F51212"/>
    <definition extID="platform.drivers.clock.MKV31F51212"/>
    <definition extID="platform.drivers.common.MKV31F51212"/>
    <definition extID="device.MKV31F51212_CMSIS.MKV31F51212"/>
    <definition extID="component.uart_adapter.MKV31F51212"/>
    <definition extID="component.lists.MKV31F51212"/>
    <definition extID="device.MKV31F51212_startup.MKV31F51212"/>
    <definition extID="platform.drivers.lpuart.MKV31F51212"/>
    <definition extID="platform.drivers.smc.MKV31F51212"/>
    <definition extID="platform.drivers.gpio.MKV31F51212"/>
    <definition extID="CMSIS_Include_core_cm.MKV31F51212"/>
    <definition extID="platform.utilities.misc_utilities.MKV31F51212"/>
    <definition extID="device.MKV31F51212_system.MKV31F51212"/>
    <definition extID="iar"/>
    <definition extID="mdk"/>
    <definition extID="armgcc"/>
    <definition extID="mcuxpresso"/>
    <definition extID="com.nxp.mcuxpresso"/>
  </externalDefinitions>
  <example id="frdmkv31f_crc" name="crc" dependency="utility.debug_console_lite.MKV31F51212 platform.utilities.assert_lite.MKV31F51212 platform.drivers.port.MKV31F51212 platform.drivers.uart.MKV31F51212 platform.drivers.crc.MKV31F51212 platform.drivers.clock.MKV31F51212 platform.drivers.common.MKV31F51212 device.MKV31F51212_CMSIS.MKV31F51212 component.uart_adapter.MKV31F51212 component.lists.MKV31F51212 device.MKV31F51212_startup.MKV31F51212 platform.drivers.lpuart.MKV31F51212 platform.drivers.smc.MKV31F51212 platform.drivers.gpio.MKV31F51212 CMSIS_Include_core_cm.MKV31F51212 platform.utilities.misc_utilities.MKV31F51212 device.MKV31F51212_system.MKV31F51212" category="driver_examples/crc">
    <projects>
      <project type="com.crt.advproject.projecttype.exe" nature="org.eclipse.cdt.core.cnature"/>
    </projects>
    <toolchainSettings>
      <toolchainSetting id_refs="com.nxp.mcuxpresso">
        <option id="gnu.c.compiler.option.preprocessor.def.symbols" type="stringList">
          <value>CPU_MKV31F512VLL12</value>
          <value>FRDM_KV31F</value>
          <value>FREEDOM</value>
          <value>MCUXPRESSO_SDK</value>
        </option>
        <option id="com.crt.advproject.gas.fpu" type="enum">
          <value>com.crt.advproject.gas.fpu.fpv4.hard</value>
        </option>
        <option id="com.crt.advproject.gcc.fpu" type="enum">
          <value>com.crt.advproject.gcc.fpu.fpv4.hard</value>
        </option>
        <option id="gnu.c.compiler.option.optimization.flags" type="string">
          <value>-fno-common</value>
        </option>
        <option id="com.crt.advproject.c.misc.dialect" type="enum">
          <value>com.crt.advproject.misc.dialect.gnu99</value>
        </option>
        <option id="gnu.c.compiler.option.misc.other" type="string">
          <value>-c -ffunction-sections -fdata-sections -ffreestanding -fno-builtin</value>
        </option>
        <option id="gnu.c.compiler.option.warnings.allwarn" type="boolean">
          <value>false</value>
        </option>
        <option id="com.crt.advproject.link.fpu" type="enum">
          <value>com.crt.advproject.link.fpu.fpv4.hard</value>
        </option>
        <option id="gnu.c.link.option.nostdlibs" type="boolean">
          <value>true</value>
        </option>
      </toolchainSetting>
    </toolchainSettings>
    <include_paths>
      <include_path path="boards/frdmkv31f/driver_examples/crc" project_relative_path="board" type="c_include"/>
      <include_path path="boards/frdmkv31f/driver_examples/crc" project_relative_path="frdmkv31f/driver_examples/crc" type="c_include"/>
    </include_paths>
    <source path="boards/frdmkv31f/driver_examples/crc/iar" project_relative_path="./" type="workspace" toolchain="iar">
      <files mask="crc.ewd"/>
      <files mask="crc.ewp"/>
      <files mask="crc.eww"/>
    </source>
    <source path="boards/frdmkv31f/driver_examples/crc/mdk" project_relative_path="./" type="workspace" toolchain="mdk">
      <files mask="crc.uvprojx"/>
      <files mask="crc.uvoptx"/>
      <files mask="pemicro_connection_settings.ini"/>
      <files mask="crc.uvmpw"/>
    </source>
    <source path="boards/frdmkv31f/driver_examples/crc/armgcc" project_relative_path="./" type="workspace" toolchain="armgcc">
      <files mask="build_all.bat"/>
      <files mask="build_all.sh"/>
      <files mask="clean.bat"/>
      <files mask="clean.sh"/>
      <files mask="CMakeLists.txt"/>
      <files mask="flags.cmake"/>
      <files mask="config.cmake"/>
      <files mask="build_debug.bat"/>
      <files mask="build_debug.sh"/>
      <files mask="build_release.bat"/>
      <files mask="build_release.sh"/>
    </source>
    <source path="boards/frdmkv31f/driver_examples/crc" project_relative_path="source" type="src">
      <files mask="crc.c"/>
    </source>
    <source path="boards/frdmkv31f/driver_examples/crc" project_relative_path="board" type="src">
      <files mask="pin_mux.c"/>
    </source>
    <source path="boards/frdmkv31f/driver_examples/crc" project_relative_path="board" type="c_include">
      <files mask="pin_mux.h"/>
    </source>
    <source path="boards/frdmkv31f/driver_examples/crc" project_relative_path="board" type="src">
      <files mask="board.c"/>
      <files mask="clock_config.c"/>
    </source>
    <source path="boards/frdmkv31f/driver_examples/crc" project_relative_path="board" type="c_include">
      <files mask="board.h"/>
      <files mask="clock_config.h"/>
    </source>
    <source path="boards/frdmkv31f/driver_examples/crc" project_relative_path="doc" type="doc" toolchain="iar mdk mcuxpresso armgcc">
      <files mask="readme.txt"/>
    </source>
    <source path="boards/frdmkv31f/driver_examples/crc/iar" project_relative_path="MKV31F51212/iar" type="linker" toolchain="iar">
      <files mask="MKV31F512xxx12_flash.icf"/>
    </source>
    <source path="boards/frdmkv31f/driver_examples/crc/mdk" project_relative_path="MKV31F51212/arm" type="linker" toolchain="mdk">
      <files mask="MKV31F512xxx12_flash.scf"/>
    </source>
    <source path="boards/frdmkv31f/driver_examples/crc/armgcc" project_relative_path="MKV31F51212/gcc" type="linker" toolchain="armgcc">
      <files mask="MKV31F512xxx12_flash.ld"/>
    </source>
  </example>
</ksdk:examples>
